--
-- PostgreSQL database dump
--

SET client_encoding = 'UTF8';
SET check_function_bodies = false;
SET client_min_messages = warning;

--
-- Name: SCHEMA public; Type: COMMENT; Schema: -; Owner: postgres
--

COMMENT ON SCHEMA public IS 'Standard public schema';


SET search_path = public, pg_catalog;

SET default_tablespace = '';

SET default_with_oids = false;

--
-- Name: ads; Type: TABLE; Schema: public; Owner: jetty; Tablespace: 
--

CREATE TABLE ads (
    cgroup_id integer,
    city character varying(7) NOT NULL,
    company_id integer,
    created timestamp with time zone NOT NULL,
    cuuid character varying(40),
    delete_after date NOT NULL,
    group_id integer,
    guuid character varying(40) NOT NULL,
    id integer NOT NULL,
    price character varying(32),
    text character varying(1028) NOT NULL,
    "type" character varying(10) NOT NULL,
    user_id integer,
    uuid character varying(40) NOT NULL
);


ALTER TABLE public.ads OWNER TO jetty;

--
-- Name: cgroups; Type: TABLE; Schema: public; Owner: jetty; Tablespace: 
--

CREATE TABLE cgroups (
    id integer NOT NULL,
    name character varying(60) NOT NULL,
    pid integer,
    uuid character varying(40) NOT NULL
);


ALTER TABLE public.cgroups OWNER TO jetty;

--
-- Name: companies; Type: TABLE; Schema: public; Owner: jetty; Tablespace: 
--

CREATE TABLE companies (
    additionals character varying(1024),
    cgroup_id integer NOT NULL,
    city character varying(6) NOT NULL,
    guuid character varying(40) NOT NULL,
    id integer NOT NULL,
    name character varying(128) NOT NULL,
    updated timestamp with time zone NOT NULL,
    user_id integer NOT NULL,
    uuid character varying(40) NOT NULL,
    uuuid character varying(40) NOT NULL,
    www character varying(64)
);


ALTER TABLE public.companies OWNER TO jetty;

--
-- Name: companies2groups; Type: TABLE; Schema: public; Owner: jetty; Tablespace: 
--

CREATE TABLE companies2groups (
    company_id integer NOT NULL,
    group_id integer NOT NULL
);


ALTER TABLE public.companies2groups OWNER TO jetty;

--
-- Name: groups; Type: TABLE; Schema: public; Owner: jetty; Tablespace: 
--

CREATE TABLE groups (
    cgroup_id integer NOT NULL,
    id integer NOT NULL,
    name character varying(60) NOT NULL,
    uuid character varying(60) NOT NULL
);


ALTER TABLE public.groups OWNER TO jetty;

--
-- Name: pk_ads; Type: SEQUENCE; Schema: public; Owner: jetty
--

CREATE SEQUENCE pk_ads
    INCREMENT BY 20
    NO MAXVALUE
    NO MINVALUE
    CACHE 1;


ALTER TABLE public.pk_ads OWNER TO jetty;

--
-- Name: pk_ads; Type: SEQUENCE SET; Schema: public; Owner: jetty
--

SELECT pg_catalog.setval('pk_ads', 220, true);


--
-- Name: pk_cgroups; Type: SEQUENCE; Schema: public; Owner: jetty
--

CREATE SEQUENCE pk_cgroups
    INCREMENT BY 20
    NO MAXVALUE
    NO MINVALUE
    CACHE 1;


ALTER TABLE public.pk_cgroups OWNER TO jetty;

--
-- Name: pk_cgroups; Type: SEQUENCE SET; Schema: public; Owner: jetty
--

SELECT pg_catalog.setval('pk_cgroups', 220, true);


--
-- Name: pk_companies; Type: SEQUENCE; Schema: public; Owner: jetty
--

CREATE SEQUENCE pk_companies
    INCREMENT BY 20
    NO MAXVALUE
    NO MINVALUE
    CACHE 1;


ALTER TABLE public.pk_companies OWNER TO jetty;

--
-- Name: pk_companies; Type: SEQUENCE SET; Schema: public; Owner: jetty
--

SELECT pg_catalog.setval('pk_companies', 200, true);


--
-- Name: pk_companies2groups; Type: SEQUENCE; Schema: public; Owner: jetty
--

CREATE SEQUENCE pk_companies2groups
    START WITH 200
    INCREMENT BY 20
    NO MAXVALUE
    NO MINVALUE
    CACHE 1;


ALTER TABLE public.pk_companies2groups OWNER TO jetty;

--
-- Name: pk_companies2groups; Type: SEQUENCE SET; Schema: public; Owner: jetty
--

SELECT pg_catalog.setval('pk_companies2groups', 200, false);


--
-- Name: pk_groups; Type: SEQUENCE; Schema: public; Owner: jetty
--

CREATE SEQUENCE pk_groups
    INCREMENT BY 20
    NO MAXVALUE
    NO MINVALUE
    CACHE 1;


ALTER TABLE public.pk_groups OWNER TO jetty;

--
-- Name: pk_groups; Type: SEQUENCE SET; Schema: public; Owner: jetty
--

SELECT pg_catalog.setval('pk_groups', 200, true);


--
-- Name: pk_roles; Type: SEQUENCE; Schema: public; Owner: jetty
--

CREATE SEQUENCE pk_roles
    INCREMENT BY 20
    NO MAXVALUE
    NO MINVALUE
    CACHE 1;


ALTER TABLE public.pk_roles OWNER TO jetty;

--
-- Name: pk_roles; Type: SEQUENCE SET; Schema: public; Owner: jetty
--

SELECT pg_catalog.setval('pk_roles', 200, true);


--
-- Name: pk_roles2users; Type: SEQUENCE; Schema: public; Owner: jetty
--

CREATE SEQUENCE pk_roles2users
    START WITH 200
    INCREMENT BY 20
    NO MAXVALUE
    NO MINVALUE
    CACHE 1;


ALTER TABLE public.pk_roles2users OWNER TO jetty;

--
-- Name: pk_roles2users; Type: SEQUENCE SET; Schema: public; Owner: jetty
--

SELECT pg_catalog.setval('pk_roles2users', 200, false);


--
-- Name: pk_users; Type: SEQUENCE; Schema: public; Owner: jetty
--

CREATE SEQUENCE pk_users
    INCREMENT BY 20
    NO MAXVALUE
    NO MINVALUE
    CACHE 1;


ALTER TABLE public.pk_users OWNER TO jetty;

--
-- Name: pk_users; Type: SEQUENCE SET; Schema: public; Owner: jetty
--

SELECT pg_catalog.setval('pk_users', 220, true);


--
-- Name: roles; Type: TABLE; Schema: public; Owner: jetty; Tablespace: 
--

CREATE TABLE roles (
    id integer NOT NULL,
    name character varying(32) NOT NULL,
    uuid character varying(40) NOT NULL
);


ALTER TABLE public.roles OWNER TO jetty;

--
-- Name: roles2users; Type: TABLE; Schema: public; Owner: jetty; Tablespace: 
--

CREATE TABLE roles2users (
    role_id integer NOT NULL,
    user_id integer NOT NULL
);


ALTER TABLE public.roles2users OWNER TO jetty;

--
-- Name: users; Type: TABLE; Schema: public; Owner: jetty; Tablespace: 
--

CREATE TABLE users (
    additionals character varying(256),
    created character varying(23),
    id integer NOT NULL,
    mail character varying(50) NOT NULL,
    "password" character varying(64),
    salt character varying(128),
    status character varying(16),
    string2verify character varying(64),
    updated character varying(23),
    uuid character varying(40) NOT NULL
);


ALTER TABLE public.users OWNER TO jetty;

--
-- Data for Name: ads; Type: TABLE DATA; Schema: public; Owner: jetty
--

INSERT INTO ads VALUES (NULL, 'company', 200, '2009-10-28 08:57:38.398-05', 'b076d8de-8212-4190-8eb3-9e3e787b64b6', '2009-10-28', 200, '1e9a6a30-7a61-4118-ac2d-726d4fb3b0be', 201, 'от 200 000 сум', 'Установка, монтаж и наладка серверного оборудования для широкого спектора операционных систем (Unix, BSD, Windows)', 'company', 200, 'fc530970-9730-4794-a620-424ae6a2b3bd');
INSERT INTO ads VALUES (NULL, 'company', 200, '2009-10-28 08:57:59.849-05', 'b076d8de-8212-4190-8eb3-9e3e787b64b6', '2009-10-28', 200, '1e9a6a30-7a61-4118-ac2d-726d4fb3b0be', 202, 'под дог.', 'Постгарантированное обслуживание и ремонт серверного оборудования организаций', 'company', 200, 'c1c40f4b-b261-4807-9c96-3f7403964aa4');
INSERT INTO ads VALUES (NULL, 'company', 200, '2009-10-28 08:58:33.526-05', 'b076d8de-8212-4190-8eb3-9e3e787b64b6', '2009-10-28', 200, '1e9a6a30-7a61-4118-ac2d-726d4fb3b0be', 203, 'от 500 000 сум', 'Установка и обслуживание серверных систем виртуализации VMware, Xen, KVM', 'company', 200, '8ee831de-229d-4a6e-9135-a0c8b498d584');
INSERT INTO ads VALUES (NULL, 'company', 200, '2009-10-28 08:59:08.581-05', 'b076d8de-8212-4190-8eb3-9e3e787b64b6', '2009-10-28', 200, '1e9a6a30-7a61-4118-ac2d-726d4fb3b0be', 204, 'по дог.', 'Установка и обслуживание почтовых серверов на базе Unix, BSD, Windows решений', 'company', 200, '2b2b1bba-2463-48b5-a7f0-5f45e827c7e8');
INSERT INTO ads VALUES (NULL, 'company', 200, '2009-10-28 08:59:41.119-05', 'b076d8de-8212-4190-8eb3-9e3e787b64b6', '2009-10-28', 200, '1e9a6a30-7a61-4118-ac2d-726d4fb3b0be', 205, 'от 300 000 сум', 'Установка и обслуживание межсетевых экранов (firewall) на базе Unix, BSD, Windows решений', 'company', 200, 'fc4ede77-1d04-4105-b300-034169d630ed');
INSERT INTO ads VALUES (NULL, 'company', 200, '2009-10-28 09:00:27.196-05', 'b076d8de-8212-4190-8eb3-9e3e787b64b6', '2009-10-28', 201, '672af52b-46c4-4363-9389-6d661e2e4fe3', 206, 'по дог.', 'Обслуживание и ремонт', 'company', 200, '96788d85-d181-4769-8143-f770ec9e24f8');
INSERT INTO ads VALUES (NULL, 'company', 200, '2009-10-28 09:02:16.577-05', 'b076d8de-8212-4190-8eb3-9e3e787b64b6', '2009-10-28', 202, '9cbc9a28-442a-4764-aa02-285643dba56b', 207, 'по дог.', 'Проектирование систем автоматизации.', 'company', 200, '9d993d2f-9ed1-4f66-9f6a-46c25963e90c');
INSERT INTO ads VALUES (NULL, 'company', 200, '2009-10-28 09:02:55.631-05', 'b076d8de-8212-4190-8eb3-9e3e787b64b6', '2009-10-28', 202, '9cbc9a28-442a-4764-aa02-285643dba56b', 208, 'по дог.', 'Установка и обучение SWIFT (Society for Worldwide Interbank Financial Telecommunications) для банков и других финансовых институтов.', 'company', 200, '6c240e0f-330d-4bd5-8965-884a16f06be7');
INSERT INTO ads VALUES (NULL, 'company', 200, '2009-10-28 09:03:28.238-05', 'b076d8de-8212-4190-8eb3-9e3e787b64b6', '2009-10-28', 202, '9cbc9a28-442a-4764-aa02-285643dba56b', 209, 'по дог.', 'Установка и обслуживание межсетевых экранов (firewall) на базе Unix, BSD, Windows решений.', 'company', 200, 'b261924d-7b71-4426-ae91-7d437bdf013d');
INSERT INTO ads VALUES (NULL, 'company', 200, '2009-10-28 09:03:52.531-05', 'b076d8de-8212-4190-8eb3-9e3e787b64b6', '2009-10-28', 202, '9cbc9a28-442a-4764-aa02-285643dba56b', 210, 'от 200 000 сум', 'Проектирование комплексных веб-сайтов и порталов.', 'company', 200, 'bc8a252a-eab8-4fe1-be3d-68efbcd8d8de');
INSERT INTO ads VALUES (NULL, 'company', 200, '2009-10-28 09:22:02.621-05', 'b076d8de-8212-4190-8eb3-9e3e787b64b6', '2009-10-28', 203, '143f177b-f9b6-4870-b888-6e6326149e9f', 211, '10,000.00 сум', 'HPLJ 101Х', 'company', 200, 'c1b4a20f-62a3-47b9-b7e1-519e6ccaa884');
INSERT INTO ads VALUES (NULL, 'company', 200, '2009-10-28 09:22:18.266-05', 'b076d8de-8212-4190-8eb3-9e3e787b64b6', '2009-10-28', 203, '143f177b-f9b6-4870-b888-6e6326149e9f', 212, '11,000.00 сум', 'HPLJ 1000/1100/1200/1220', 'company', 200, '4dc9485f-42b8-4570-9128-66c682850749');
INSERT INTO ads VALUES (NULL, 'company', 200, '2009-10-28 09:22:33.188-05', 'b076d8de-8212-4190-8eb3-9e3e787b64b6', '2009-10-28', 203, '143f177b-f9b6-4870-b888-6e6326149e9f', 213, '20,000.00 сум', 'HPLJ 21ХХ', 'company', 200, '7bb1ff33-b08e-455d-b465-dd5e9e0ea750');
INSERT INTO ads VALUES (NULL, 'company', 200, '2009-10-28 09:24:28.333-05', 'b076d8de-8212-4190-8eb3-9e3e787b64b6', '2009-10-28', 203, '143f177b-f9b6-4870-b888-6e6326149e9f', 214, '45,000.00 сум', 'HPLJ 2420', 'company', 200, '2a0b5cdf-d9dd-45f8-9790-beb4741a8c61');
INSERT INTO ads VALUES (NULL, 'company', 200, '2009-10-28 09:24:44.381-05', 'b076d8de-8212-4190-8eb3-9e3e787b64b6', '2009-10-28', 203, '143f177b-f9b6-4870-b888-6e6326149e9f', 215, '16,000.00 сум', 'HPLJ 1005', 'company', 200, 'cc1b4b5a-df23-477a-bd75-d19acb05a519');
INSERT INTO ads VALUES (NULL, 'company', 200, '2009-10-28 09:24:57.329-05', 'b076d8de-8212-4190-8eb3-9e3e787b64b6', '2009-10-28', 203, '143f177b-f9b6-4870-b888-6e6326149e9f', 216, '17,850.00 сум', 'CANON NP 1215/6317/6318/6216', 'company', 200, '2fc5b4e8-dee7-4cb2-a088-0b7cc538ceb0');
INSERT INTO ads VALUES (NULL, 'company', 200, '2009-10-28 09:25:12.535-05', 'b076d8de-8212-4190-8eb3-9e3e787b64b6', '2009-10-28', 203, '143f177b-f9b6-4870-b888-6e6326149e9f', 217, '40,000.00 сум', 'CANON 7161/7163/7164/7214', 'company', 200, '40d51bc9-16d6-484e-b516-8e09c4cb7d07');
INSERT INTO ads VALUES (NULL, 'company', 200, '2009-10-28 09:25:26.471-05', 'b076d8de-8212-4190-8eb3-9e3e787b64b6', '2009-10-28', 203, '143f177b-f9b6-4870-b888-6e6326149e9f', 218, '17,850.00 сум', 'CANON NP 1215/6317/6318/6216', 'company', 200, '72e3ea9d-17f3-4e93-8058-0c6a83c4f120');
INSERT INTO ads VALUES (NULL, 'company', 200, '2009-10-28 09:25:41.906-05', 'b076d8de-8212-4190-8eb3-9e3e787b64b6', '2009-10-28', 203, '143f177b-f9b6-4870-b888-6e6326149e9f', 219, '18,000.00 сум', 'Sharp Z-50/Panasonic KX-P 7100', 'company', 200, '8ab50295-2c8f-4737-9d8a-15101f860fb7');
INSERT INTO ads VALUES (220, '11115', NULL, '2009-10-28 09:37:36.239-05', NULL, '2009-11-04', NULL, 'da05026a-bf12-48aa-9ccd-4ee9e4e1cc54', 221, '', 'Продается своя элитная квартира в банковских домах. Отличное расположение,рядом Госпитальный рынок, школа,дет.сад, тихий район, 5 минут до метро(ойбек).3-х переделанная в 4-х комнатную.1-й этаж,Евроремонт,общая площадь 210м2, сауна, бассейн,2 ванных комнаты,душевая кабина,отдельный вход,огороженная территория,крытая парковка.
Прямая продажа!

Телефон: 1030197', 'seller', 200, '40754386-6754-4cb9-b9cb-5943459f1479');
INSERT INTO ads VALUES (222, '11115', NULL, '2009-10-28 09:40:33.707-05', NULL, '2009-11-04', NULL, '0c5956a3-25c7-4edf-9433-a3f4970ea379', 223, '', 'Предлагаю работу для программиста со знанием языка программрования Erlang. Оплата сдельная, в зависимости от квалификации. Звонить по телефону +998662606040 (Максуд)', 'seller', 200, '80817d75-fc82-46c2-9608-a52878afa8bf');
INSERT INTO ads VALUES (223, '11115', NULL, '2009-10-28 09:44:43.006-05', NULL, '2009-11-04', NULL, '4554d693-ef5d-4297-8d52-c8726cf77bc6', 224, '', 'Симпатичная, стройная блондинка,25/168/45, познакомится с порядочным состоятельным мужчиной. Без жилищных и финансовых проблем, для серьезных отношений! Не серьезных просьба не звонить!
тел 3266826 Алёна', 'woman', 200, '087c3ab1-df5d-422e-b5e9-3dbe232f29f1');
INSERT INTO ads VALUES (223, '11115', NULL, '2009-10-28 09:46:08.128-05', NULL, '2009-11-04', NULL, '4554d693-ef5d-4297-8d52-c8726cf77bc6', 226, '', 'ЗДРАСТВУЙТЕ МЕНЯ ЗОВУТ ТИМУР МНЕ 24 ГОДА! РАБОТАЮ! ПРЕВЛИКАТЕЛЕН ВЫСОКИЙ СПОРТИВНОГО ТЕЛОСЛОЖЕНИЯ! ИЩУ ДЕВУШКУ РУССКУЮ ТАТАРКУ СЕМПАТИЧНУЮ ВОЗРАСТ 18-25 ДЛЯ СЕРЕЗНЫХ ОТНОШЕНИЙ НЕ СЕРЕЗНЫХ ПРОШУ НЕ БЕСПОКОИТЬ!

Телефон: 3102263', 'man', 200, 'a26edfd9-5a09-419b-9052-cea23b60dcd0');


--
-- Data for Name: cgroups; Type: TABLE DATA; Schema: public; Owner: jetty
--

INSERT INTO cgroups VALUES (200, 'Без группировки', NULL, 'b885f6f5-8cd5-401b-b414-90d49a031d99');
INSERT INTO cgroups VALUES (220, 'Недвижимость', 200, 'da05026a-bf12-48aa-9ccd-4ee9e4e1cc54');
INSERT INTO cgroups VALUES (221, 'Работа', 200, 'e42aed01-0c6e-4997-a674-91c811214ef7');
INSERT INTO cgroups VALUES (222, 'Информационные технологии', 200, '0c5956a3-25c7-4edf-9433-a3f4970ea379');
INSERT INTO cgroups VALUES (223, 'Знакомства', 200, '4554d693-ef5d-4297-8d52-c8726cf77bc6');


--
-- Data for Name: companies; Type: TABLE DATA; Schema: public; Owner: jetty
--

INSERT INTO companies VALUES ('ООО "Max Micro System" предлагает широкий спектор услуг в Области "Инофрмационных технологий". Адрес: г.Ташкент, ул. Сайрам 5/15, телефон/факс 268-42-32. ', 200, '11115', 'b885f6f5-8cd5-401b-b414-90d49a031d99', 200, 'Max Micro Systems', '2009-10-28 09:27:18.032-05', 200, 'b076d8de-8212-4190-8eb3-9e3e787b64b6', '906f14fe-1b53-4393-80e9-1f3853d740a3', 'http://www.setka.uz');


--
-- Data for Name: companies2groups; Type: TABLE DATA; Schema: public; Owner: jetty
--

INSERT INTO companies2groups VALUES (200, 200);
INSERT INTO companies2groups VALUES (200, 201);
INSERT INTO companies2groups VALUES (200, 202);
INSERT INTO companies2groups VALUES (200, 203);


--
-- Data for Name: groups; Type: TABLE DATA; Schema: public; Owner: jetty
--

INSERT INTO groups VALUES (222, 200, 'Серверное оборудование', '1e9a6a30-7a61-4118-ac2d-726d4fb3b0be');
INSERT INTO groups VALUES (222, 201, 'Банковкие терминалы', '672af52b-46c4-4363-9389-6d661e2e4fe3');
INSERT INTO groups VALUES (222, 202, 'Программное обеспечение', '9cbc9a28-442a-4764-aa02-285643dba56b');
INSERT INTO groups VALUES (200, 203, 'Заправка принтеров', '143f177b-f9b6-4870-b888-6e6326149e9f');


--
-- Data for Name: roles; Type: TABLE DATA; Schema: public; Owner: jetty
--

INSERT INTO roles VALUES (200, 'admin', '2213364d-c03e-48fe-89ae-af8d65c080f7');


--
-- Data for Name: roles2users; Type: TABLE DATA; Schema: public; Owner: jetty
--

INSERT INTO roles2users VALUES (200, 200);


--
-- Data for Name: users; Type: TABLE DATA; Schema: public; Owner: jetty
--

INSERT INTO users VALUES ('Administrator', '2009-10-28 17:05:22', 200, 'admin@serka.uz', '', 'rGGAJbaA8GGYFFm6FsZCO3Gd/ZvHqWdRlK3jCRa7x1O5mo1THPdYSeA26WxoqMhn', 'SALTED', NULL, '2009-10-28 13:49:35', '906f14fe-1b53-4393-80e9-1f3853d740a3');
INSERT INTO users VALUES ('Tester', '2009-10-28 14:13:50', 220, 'tester@setka.uz', '', 'MZraUqROAsDd40eoSZvmvY94dXGLARUhuSosg67Y9E0N7Hn1kjbXoasYwQcoPsHf', 'SALTED', NULL, NULL, 'c6ef0c8f-6219-4682-bfe5-6ec034f6bd76');


--
-- Name: ads_pkey; Type: CONSTRAINT; Schema: public; Owner: jetty; Tablespace: 
--

ALTER TABLE ONLY ads
    ADD CONSTRAINT ads_pkey PRIMARY KEY (id);


--
-- Name: cgroups_pkey; Type: CONSTRAINT; Schema: public; Owner: jetty; Tablespace: 
--

ALTER TABLE ONLY cgroups
    ADD CONSTRAINT cgroups_pkey PRIMARY KEY (id);


--
-- Name: companies2groups_pkey; Type: CONSTRAINT; Schema: public; Owner: jetty; Tablespace: 
--

ALTER TABLE ONLY companies2groups
    ADD CONSTRAINT companies2groups_pkey PRIMARY KEY (company_id, group_id);


--
-- Name: companies_pkey; Type: CONSTRAINT; Schema: public; Owner: jetty; Tablespace: 
--

ALTER TABLE ONLY companies
    ADD CONSTRAINT companies_pkey PRIMARY KEY (id);


--
-- Name: groups_pkey; Type: CONSTRAINT; Schema: public; Owner: jetty; Tablespace: 
--

ALTER TABLE ONLY groups
    ADD CONSTRAINT groups_pkey PRIMARY KEY (id);


--
-- Name: roles2users_pkey; Type: CONSTRAINT; Schema: public; Owner: jetty; Tablespace: 
--

ALTER TABLE ONLY roles2users
    ADD CONSTRAINT roles2users_pkey PRIMARY KEY (role_id, user_id);


--
-- Name: roles_pkey; Type: CONSTRAINT; Schema: public; Owner: jetty; Tablespace: 
--

ALTER TABLE ONLY roles
    ADD CONSTRAINT roles_pkey PRIMARY KEY (id);


--
-- Name: users_pkey; Type: CONSTRAINT; Schema: public; Owner: jetty; Tablespace: 
--

ALTER TABLE ONLY users
    ADD CONSTRAINT users_pkey PRIMARY KEY (id);


--
-- Name: ads_cgroup_id_fkey; Type: FK CONSTRAINT; Schema: public; Owner: jetty
--

ALTER TABLE ONLY ads
    ADD CONSTRAINT ads_cgroup_id_fkey FOREIGN KEY (cgroup_id) REFERENCES cgroups(id);


--
-- Name: ads_company_id_fkey; Type: FK CONSTRAINT; Schema: public; Owner: jetty
--

ALTER TABLE ONLY ads
    ADD CONSTRAINT ads_company_id_fkey FOREIGN KEY (company_id) REFERENCES companies(id);


--
-- Name: ads_group_id_fkey; Type: FK CONSTRAINT; Schema: public; Owner: jetty
--

ALTER TABLE ONLY ads
    ADD CONSTRAINT ads_group_id_fkey FOREIGN KEY (group_id) REFERENCES groups(id);


--
-- Name: ads_user_id_fkey; Type: FK CONSTRAINT; Schema: public; Owner: jetty
--

ALTER TABLE ONLY ads
    ADD CONSTRAINT ads_user_id_fkey FOREIGN KEY (user_id) REFERENCES users(id);


--
-- Name: cgroups_pid_fkey; Type: FK CONSTRAINT; Schema: public; Owner: jetty
--

ALTER TABLE ONLY cgroups
    ADD CONSTRAINT cgroups_pid_fkey FOREIGN KEY (pid) REFERENCES cgroups(id);


--
-- Name: companies_cgroup_id_fkey; Type: FK CONSTRAINT; Schema: public; Owner: jetty
--

ALTER TABLE ONLY companies
    ADD CONSTRAINT companies_cgroup_id_fkey FOREIGN KEY (cgroup_id) REFERENCES cgroups(id);


--
-- Name: companies_user_id_fkey; Type: FK CONSTRAINT; Schema: public; Owner: jetty
--

ALTER TABLE ONLY companies
    ADD CONSTRAINT companies_user_id_fkey FOREIGN KEY (user_id) REFERENCES users(id);


--
-- Name: groups_cgroup_id_fkey; Type: FK CONSTRAINT; Schema: public; Owner: jetty
--

ALTER TABLE ONLY groups
    ADD CONSTRAINT groups_cgroup_id_fkey FOREIGN KEY (cgroup_id) REFERENCES cgroups(id);


--
-- Name: public; Type: ACL; Schema: -; Owner: postgres
--

REVOKE ALL ON SCHEMA public FROM PUBLIC;
REVOKE ALL ON SCHEMA public FROM postgres;
GRANT ALL ON SCHEMA public TO postgres;
GRANT ALL ON SCHEMA public TO PUBLIC;


--
-- PostgreSQL database dump complete
--

